period,start_date,end_date,days,tonnes,type,source_url
FY19,2018-04-01,2019-03-31,365,1300000,annual,https://www.moil.nic.in/annual-report-2018-19
FY20,2019-04-01,2020-03-31,366,1277000,annual,https://www.moil.nic.in/annual-report-2019-20
FY21,2020-04-01,2021-03-31,365,1144000,annual,https://www.moil.nic.in/annual-report-2020-21
FY22,2021-04-01,2022-03-31,365,1231000,annual,https://www.moil.nic.in/annual-report-2021-22
FY23,2022-04-01,2023-03-31,365,1302000,annual,https://www.moil.nic.in/annual-report-2022-23
FY24,2023-04-01,2024-03-31,366,1756000,annual,https://www.moil.nic.in/annual-report-2023-24
FY25,2024-04-01,2025-03-31,365,1803000,annual,https://www.moil.nic.in/annual-report-2024-25
FY26_target,2025-04-01,2026-03-31,365,2350000,target,https://www.moil.nic.in/press-release-fy26-target
Dec-22,2022-12-01,2022-12-31,31,141321,monthly,https://www.moil.nic.in/press-release-dec-2022
Dec-23,2023-12-01,2023-12-31,31,185000,monthly,https://www.moil.nic.in/press-release-dec-2023
Aug-24,2024-08-01,2024-08-31,31,124000,monthly,https://www.moil.nic.in/press-release-aug-2024
May-25,2025-05-01,2025-05-31,31,171000,monthly,https://www.moil.nic.in/press-release-may-2025
Jul-25,2025-07-01,2025-07-31,31,145000,monthly,https://www.moil.nic.in/press-release-jul-2025
Oct-25,2025-10-01,2025-10-31,31,160000,monthly,https://www.moil.nic.in/press-release-oct-2025
Apr-Jul_2025,2025-04-01,2025-07-31,122,647000,period,https://www.moil.nic.in/press-release-q1-fy26
Apr-Oct_2025,2025-04-01,2025-10-31,214,1104000,period,https://www.moil.nic.in/press-release-h1-fy26
Q3_FY26,2025-10-01,2025-12-31,92,477000,period,https://www.moil.nic.in/press-release-q3-fy26
Apr-Dec_FY26,2025-04-01,2025-12-31,275,1421000,period,https://www.moil.nic.in/press-release-apr-dec-fy26
Balaghat_capacity_2016,2016-04-01,2017-03-31,365,300000,mine_capacity,https://www.bseindia.com/xml-data/corpfiling/AttachLive/MOIL_BSE_Filing_2016.pdf
Balaghat_target_FY25,2024-04-01,2025-03-31,365,600000,mine_capacity,https://www.bseindia.com/xml-data/corpfiling/AttachLive/MOIL_Shaft_Expansion_2023.pdf
Ukwa_capacity,2024-04-01,2025-03-31,365,235000,mine_capacity,https://www.bseindia.com/xml-data/corpfiling/AttachLive/MOIL_Ukwa_Capacity.pdf
Parsoda_target,2025-04-01,2026-03-31,365,40000,mine_capacity,https://www.moil.nic.in/press-release-parsoda-11th-mine
Grade_below25pct_FY20,2019-04-01,2020-03-31,365,817052,grade_mix,https://loksabha.nic.in/Annexure_NEW/lssq/16/as226.htm
Grade_25to35pct_FY20,2019-04-01,2020-03-31,365,1245952,grade_mix,https://loksabha.nic.in/Annexure_NEW/lssq/16/as226.htm
Grade_35to46pct_FY20,2019-04-01,2020-03-31,365,554426,grade_mix,https://loksabha.nic.in/Annexure_NEW/lssq/16/as226.htm
Grade_46plus_FY20,2019-04-01,2020-03-31,365,270184,grade_mix,https://loksabha.nic.in/Annexure_NEW/lssq/16/as226.htm
