mine_id,month,year,planned_production_tpd,rainfall_mm,equipment_availability_pct,blasting_days,haul_road_condition,crusher_capacity_tpd,num_dumpers,num_shovels,lag_1,lag_2,lag_3
Mine_A_Dongri_Buzurg,1,2026,1423.8900927984357,10,0.9,20,4,1708.6681113581228,7,3,602.459890626643,557.4634167831077,805.4455955795024
Mine_A_Dongri_Buzurg,2,2026,1202.7341928526614,10,0.9,20,4,1443.2810314231936,7,3,557.4634167831077,805.4455955795024,805.4455955795024
Mine_A_Dongri_Buzurg,3,2026,1237.7445508130265,10,0.9,20,4,1485.293460975632,7,3,805.4455955795024,805.4455955795024,805.4455955795024
Mine_A_Dongri_Buzurg,4,2026,690.2124109722744,10,0.9,20,4,828.2548931667292,7,3,805.4455955795024,805.4455955795024,805.4455955795024
Mine_A_Dongri_Buzurg,5,2026,868.7307601385874,10,0.9,20,4,1042.4769121663048,7,3,805.4455955795024,805.4455955795024,805.4455955795024
Mine_A_Dongri_Buzurg,6,2026,1232.385682018832,300,0.7,10,2,1478.8628184225984,7,3,805.4455955795024,805.4455955795024,805.4455955795024
Mine_A_Dongri_Buzurg,7,2026,1155.5645865646848,300,0.7,10,2,1386.6775038776216,7,3,805.4455955795024,805.4455955795024,805.4455955795024
Mine_A_Dongri_Buzurg,8,2026,1362.6071065461024,300,0.7,10,2,1635.1285278553228,7,3,805.4455955795024,805.4455955795024,805.4455955795024
Mine_A_Dongri_Buzurg,9,2026,709.991324753422,300,0.7,10,2,851.9895897041064,7,3,805.4455955795024,805.4455955795024,805.4455955795024
Mine_A_Dongri_Buzurg,10,2026,1248.3089980371496,10,0.9,20,4,1497.9707976445795,7,3,805.4455955795024,805.4455955795024,805.4455955795024
Mine_A_Dongri_Buzurg,11,2026,539.4429734754453,10,0.9,20,4,647.3315681705344,7,3,805.4455955795024,805.4455955795024,805.4455955795024
Mine_A_Dongri_Buzurg,12,2026,799.8004512192849,10,0.9,20,4,959.7605414631419,7,3,805.4455955795024,805.4455955795024,805.4455955795024
Mine_B_Chikla,1,2026,1130.4936669882516,10,0.9,20,4,1356.5924003859018,7,3,729.067660892886,635.418839268393,1000.865985454261
Mine_B_Chikla,2,2026,1480.0446723285668,10,0.9,20,4,1776.05360679428,7,3,635.418839268393,1000.865985454261,1000.865985454261
Mine_B_Chikla,3,2026,1489.3734472851866,10,0.9,20,4,1787.2481367422238,7,3,1000.865985454261,1000.865985454261,1000.865985454261
Mine_B_Chikla,4,2026,939.1483709250897,10,0.9,20,4,1126.9780451101076,7,3,1000.865985454261,1000.865985454261,1000.865985454261
Mine_B_Chikla,5,2026,1264.6763189409035,10,0.9,20,4,1517.6115827290841,7,3,1000.865985454261,1000.865985454261,1000.865985454261
Mine_B_Chikla,6,2026,1100.497592638863,300,0.7,10,2,1320.5971111666354,7,3,1000.865985454261,1000.865985454261,1000.865985454261
Mine_B_Chikla,7,2026,1209.0960570142715,300,0.7,10,2,1450.9152684171258,7,3,1000.865985454261,1000.865985454261,1000.865985454261
Mine_B_Chikla,8,2026,1231.947706626785,300,0.7,10,2,1478.337247952142,7,3,1000.865985454261,1000.865985454261,1000.865985454261
Mine_B_Chikla,9,2026,1047.3184045097087,300,0.7,10,2,1256.7820854116503,7,3,1000.865985454261,1000.865985454261,1000.865985454261
Mine_B_Chikla,10,2026,1313.9377859211293,10,0.9,20,4,1576.725343105355,7,3,1000.865985454261,1000.865985454261,1000.865985454261
Mine_B_Chikla,11,2026,1084.4934060611167,10,0.9,20,4,1301.39208727334,7,3,1000.865985454261,1000.865985454261,1000.865985454261
Mine_B_Chikla,12,2026,600.6156279077887,10,0.9,20,4,720.7387534893464,7,3,1000.865985454261,1000.865985454261,1000.865985454261
Mine_C_Munsar,1,2026,1489.2039358511165,10,0.9,20,4,1787.0447230213397,7,3,604.9866120052728,438.20449908953486,557.2435609353972
Mine_C_Munsar,2,2026,803.8525085353908,10,0.9,20,4,964.6230102424689,7,3,438.20449908953486,557.2435609353972,557.2435609353972
Mine_C_Munsar,3,2026,1464.1877557129424,10,0.9,20,4,1757.0253068555307,7,3,557.2435609353972,557.2435609353972,557.2435609353972
Mine_C_Munsar,4,2026,792.6191911010369,10,0.9,20,4,951.1430293212443,7,3,557.2435609353972,557.2435609353972,557.2435609353972
Mine_C_Munsar,5,2026,1353.1520475616944,10,0.9,20,4,1623.7824570740333,7,3,557.2435609353972,557.2435609353972,557.2435609353972
Mine_C_Munsar,6,2026,1189.585951079349,300,0.7,10,2,1427.5031412952187,7,3,557.2435609353972,557.2435609353972,557.2435609353972
Mine_C_Munsar,7,2026,856.8700999467596,300,0.7,10,2,1028.2441199361115,7,3,557.2435609353972,557.2435609353972,557.2435609353972
Mine_C_Munsar,8,2026,1438.0040470028907,300,0.7,10,2,1725.6048564034688,7,3,557.2435609353972,557.2435609353972,557.2435609353972
Mine_C_Munsar,9,2026,1083.14643428175,300,0.7,10,2,1299.7757211381002,7,3,557.2435609353972,557.2435609353972,557.2435609353972
Mine_C_Munsar,10,2026,1329.7626719572681,10,0.9,20,4,1595.7152063487217,7,3,557.2435609353972,557.2435609353972,557.2435609353972
Mine_C_Munsar,11,2026,1296.9404631286338,10,0.9,20,4,1556.3285557543607,7,3,557.2435609353972,557.2435609353972,557.2435609353972
Mine_C_Munsar,12,2026,546.3841415876881,10,0.9,20,4,655.6609699052257,7,3,557.2435609353972,557.2435609353972,557.2435609353972
Mine_D_Balaghat,1,2026,768.8611655106556,10,0.9,20,4,922.6333986127867,7,3,920.9585588056309,579.3230232666346,646.1481176093722
Mine_D_Balaghat,2,2026,972.2156704869869,10,0.9,20,4,1166.6588045843844,7,3,579.3230232666346,646.1481176093722,646.1481176093722
Mine_D_Balaghat,3,2026,1433.020320898655,10,0.9,20,4,1719.624385078386,7,3,646.1481176093722,646.1481176093722,646.1481176093722
Mine_D_Balaghat,4,2026,562.4612394735306,10,0.9,20,4,674.9534873682367,7,3,646.1481176093722,646.1481176093722,646.1481176093722
Mine_D_Balaghat,5,2026,685.6436770173808,10,0.9,20,4,822.772412420857,7,3,646.1481176093722,646.1481176093722,646.1481176093722
Mine_D_Balaghat,6,2026,1124.5234472937104,300,0.7,10,2,1349.4281367524525,7,3,646.1481176093722,646.1481176093722,646.1481176093722
Mine_D_Balaghat,7,2026,1152.6996688252789,300,0.7,10,2,1383.2396025903347,7,3,646.1481176093722,646.1481176093722,646.1481176093722
Mine_D_Balaghat,8,2026,663.9816039955914,300,0.7,10,2,796.7779247947096,7,3,646.1481176093722,646.1481176093722,646.1481176093722
Mine_D_Balaghat,9,2026,1448.300293230453,300,0.7,10,2,1737.9603518765437,7,3,646.1481176093722,646.1481176093722,646.1481176093722
Mine_D_Balaghat,10,2026,676.8354638904099,10,0.9,20,4,812.2025566684919,7,3,646.1481176093722,646.1481176093722,646.1481176093722
Mine_D_Balaghat,11,2026,682.3437384601564,10,0.9,20,4,818.8124861521876,7,3,646.1481176093722,646.1481176093722,646.1481176093722
Mine_D_Balaghat,12,2026,1135.547626318827,10,0.9,20,4,1362.6571515825924,7,3,646.1481176093722,646.1481176093722,646.1481176093722
Mine_E_Kandri,1,2026,921.4636738599324,10,0.9,20,4,1105.756408631919,7,3,412.78385795330087,1173.0849705037251,762.1957061727348
Mine_E_Kandri,2,2026,526.0116586145056,10,0.9,20,4,631.2139903374067,7,3,1173.0849705037251,762.1957061727348,762.1957061727348
Mine_E_Kandri,3,2026,1420.5088715039935,10,0.9,20,4,1704.6106458047923,7,3,762.1957061727348,762.1957061727348,762.1957061727348
Mine_E_Kandri,4,2026,575.1418583896161,10,0.9,20,4,690.1702300675394,7,3,762.1957061727348,762.1957061727348,762.1957061727348
Mine_E_Kandri,5,2026,656.3172655868127,10,0.9,20,4,787.5807187041752,7,3,762.1957061727348,762.1957061727348,762.1957061727348
Mine_E_Kandri,6,2026,1397.1040082750117,300,0.7,10,2,1676.524809930014,7,3,762.1957061727348,762.1957061727348,762.1957061727348
Mine_E_Kandri,7,2026,775.3117248170813,300,0.7,10,2,930.3740697804975,7,3,762.1957061727348,762.1957061727348,762.1957061727348
Mine_E_Kandri,8,2026,1317.6789568315962,300,0.7,10,2,1581.2147481979155,7,3,762.1957061727348,762.1957061727348,762.1957061727348
Mine_E_Kandri,9,2026,670.714348084212,300,0.7,10,2,804.8572177010544,7,3,762.1957061727348,762.1957061727348,762.1957061727348
Mine_E_Kandri,10,2026,548.1842010588651,10,0.9,20,4,657.8210412706381,7,3,762.1957061727348,762.1957061727348,762.1957061727348
Mine_E_Kandri,11,2026,734.7307045531433,10,0.9,20,4,881.6768454637719,7,3,762.1957061727348,762.1957061727348,762.1957061727348
Mine_E_Kandri,12,2026,1242.0158328242524,10,0.9,20,4,1490.4189993891027,7,3,762.1957061727348,762.1957061727348,762.1957061727348
Mine_F_Gumgaon,1,2026,1162.593263510716,10,0.9,20,4,1395.1119162128591,7,3,413.0356187865453,523.3650618196866,373.5197032991767
Mine_F_Gumgaon,2,2026,810.6194219651582,10,0.9,20,4,972.7433063581898,7,3,523.3650618196866,373.5197032991767,373.5197032991767
Mine_F_Gumgaon,3,2026,1133.4799018841336,10,0.9,20,4,1360.1758822609602,7,3,373.5197032991767,373.5197032991767,373.5197032991767
Mine_F_Gumgaon,4,2026,1164.98274393154,10,0.9,20,4,1397.979292717848,7,3,373.5197032991767,373.5197032991767,373.5197032991767
Mine_F_Gumgaon,5,2026,1064.6825778565399,10,0.9,20,4,1277.6190934278477,7,3,373.5197032991767,373.5197032991767,373.5197032991767
Mine_F_Gumgaon,6,2026,1435.5242217569585,300,0.7,10,2,1722.6290661083501,7,3,373.5197032991767,373.5197032991767,373.5197032991767
Mine_F_Gumgaon,7,2026,1293.6208018437983,300,0.7,10,2,1552.344962212558,7,3,373.5197032991767,373.5197032991767,373.5197032991767
Mine_F_Gumgaon,8,2026,1315.9742464349247,300,0.7,10,2,1579.1690957219096,7,3,373.5197032991767,373.5197032991767,373.5197032991767
Mine_F_Gumgaon,9,2026,925.8943471484386,300,0.7,10,2,1111.0732165781262,7,3,373.5197032991767,373.5197032991767,373.5197032991767
Mine_F_Gumgaon,10,2026,1183.8994279622843,10,0.9,20,4,1420.6793135547412,7,3,373.5197032991767,373.5197032991767,373.5197032991767
Mine_F_Gumgaon,11,2026,683.351269583829,10,0.9,20,4,820.0215235005948,7,3,373.5197032991767,373.5197032991767,373.5197032991767
Mine_F_Gumgaon,12,2026,795.9549049018002,10,0.9,20,4,955.1458858821602,7,3,373.5197032991767,373.5197032991767,373.5197032991767
Mine_G_Lugma,1,2026,330.0,10,0.9,20,4,396.0,7,3,194.83292111753525,263.45159890121994,312.66508004201
Mine_G_Lugma,2,2026,330.0,10,0.9,20,4,396.0,7,3,263.45159890121994,312.66508004201,312.66508004201
Mine_G_Lugma,3,2026,330.0,10,0.9,20,4,396.0,7,3,312.66508004201,312.66508004201,312.66508004201
Mine_G_Lugma,4,2026,330.0,10,0.9,20,4,396.0,7,3,312.66508004201,312.66508004201,312.66508004201
Mine_G_Lugma,5,2026,330.0,10,0.9,20,4,396.0,7,3,312.66508004201,312.66508004201,312.66508004201
Mine_G_Lugma,6,2026,330.0,450,0.7,10,2,396.0,7,3,312.66508004201,312.66508004201,312.66508004201
Mine_G_Lugma,7,2026,330.0,450,0.7,10,2,396.0,7,3,312.66508004201,312.66508004201,312.66508004201
Mine_G_Lugma,8,2026,330.0,450,0.7,10,2,396.0,7,3,312.66508004201,312.66508004201,312.66508004201
Mine_G_Lugma,9,2026,330.0,450,0.7,10,2,396.0,7,3,312.66508004201,312.66508004201,312.66508004201
Mine_G_Lugma,10,2026,330.0,10,0.9,20,4,396.0,7,3,312.66508004201,312.66508004201,312.66508004201
Mine_G_Lugma,11,2026,330.0,10,0.9,20,4,396.0,7,3,312.66508004201,312.66508004201,312.66508004201
Mine_G_Lugma,12,2026,330.0,10,0.9,20,4,396.0,7,3,312.66508004201,312.66508004201,312.66508004201
Mine_H_Ukwa,1,2026,330.0,10,0.9,20,4,396.0,7,3,210.3279574901591,213.64347460236743,231.05077209406582
Mine_H_Ukwa,2,2026,330.0,10,0.9,20,4,396.0,7,3,213.64347460236743,231.05077209406582,231.05077209406582
Mine_H_Ukwa,3,2026,330.0,10,0.9,20,4,396.0,7,3,231.05077209406582,231.05077209406582,231.05077209406582
Mine_H_Ukwa,4,2026,330.0,10,0.9,20,4,396.0,7,3,231.05077209406582,231.05077209406582,231.05077209406582
Mine_H_Ukwa,5,2026,330.0,10,0.9,20,4,396.0,7,3,231.05077209406582,231.05077209406582,231.05077209406582
Mine_H_Ukwa,6,2026,330.0,450,0.7,10,2,396.0,7,3,231.05077209406582,231.05077209406582,231.05077209406582
Mine_H_Ukwa,7,2026,330.0,450,0.7,10,2,396.0,7,3,231.05077209406582,231.05077209406582,231.05077209406582
Mine_H_Ukwa,8,2026,330.0,450,0.7,10,2,396.0,7,3,231.05077209406582,231.05077209406582,231.05077209406582
Mine_H_Ukwa,9,2026,330.0,450,0.7,10,2,396.0,7,3,231.05077209406582,231.05077209406582,231.05077209406582
Mine_H_Ukwa,10,2026,330.0,10,0.9,20,4,396.0,7,3,231.05077209406582,231.05077209406582,231.05077209406582
Mine_H_Ukwa,11,2026,330.0,10,0.9,20,4,396.0,7,3,231.05077209406582,231.05077209406582,231.05077209406582
Mine_H_Ukwa,12,2026,330.0,10,0.9,20,4,396.0,7,3,231.05077209406582,231.05077209406582,231.05077209406582
