mine_id,year,month,scenario,baseline_tpd,predicted_production_tpd,shortfall_risk,rainfall_mm_scenario,weather_penalty,data_type,timestamp
Chikla,2026,9,live_forecast,742.9,742.9,Low,5.4,1.0,LIVE_API,2026-09-28 15:08:38
Dongri_Buzurg,2026,9,live_forecast,607.8,607.8,Low,1.5,1.0,LIVE_API,2026-09-28 15:08:39
Beldongri,2026,9,live_forecast,337.7,334.2,Low,2.6,1.0,LIVE_API,2026-09-28 15:08:41
Kandri,2026,9,live_forecast,506.5,488.8,Low,5.1,1.0,LIVE_API,2026-09-28 15:08:42
Munsar,2026,9,live_forecast,472.7,464.0,Low,1.3,1.0,LIVE_API,2026-09-28 15:08:44
Gumgaon,2026,9,live_forecast,733.3,733.3,Low,5.1,1.0,LIVE_API,2026-09-28 15:08:45
Balaghat,2026,9,live_forecast,1166.7,1034.8,Medium,1.5,1.0,LIVE_API,2026-09-28 15:08:47
Ukwa,2026,9,live_forecast,733.3,733.3,Low,3.0,1.0,LIVE_API,2026-09-28 15:08:48
Tirodi,2026,9,live_forecast,439.0,436.2,Low,1.3,1.0,LIVE_API,2026-09-28 15:08:50
Sitapatore,2026,9,live_forecast,270.1,270.1,Low,1.5,1.0,LIVE_API,2026-09-28 15:08:51
